1.6971E+12,acc,0.00564575,-0.0065155,-0.997543
1.6971E+12,acc,0.0043335,-0.00559998,-0.994736
1.6971E+12,acc,0.00444031,-0.00720215,-0.994171
1.6971E+12,acc,0.00444031,-0.00738525,-0.994995
1.6971E+12,acc,0.00422668,-0.00604248,-0.99527
1.6971E+12,acc,0.00219727,-0.00537109,-0.995758
1.6971E+12,acc,0.00668335,-0.00704956,-0.992584
1.6971E+12,acc,0.00660706,-0.00531006,-0.99205
1.6971E+12,acc,0.00418091,-0.00942993,-0.99556
1.6971E+12,acc,0.00430298,-0.00758362,-0.995483
1.6971E+12,acc,0.00447083,-0.00733948,-0.99472
1.6971E+12,acc,0.00460815,-0.00601196,-0.995529
1.6971E+12,acc,0.00506592,-0.00579834,-0.995178
1.6971E+12,acc,0.00621033,-0.00474548,-0.993805
1.6971E+12,acc,0.0055542,-0.0071106,-0.993835
1.6971E+12,acc,0.00512695,-0.00724792,-0.995331
1.6971E+12,acc,0.00476074,-0.00762939,-0.994492
1.6971E+12,acc,0.00636292,-0.0070343,-0.995285
1.6971E+12,acc,0.00567627,-0.00540161,-0.995316
1.6971E+12,acc,0.00494385,-0.00689697,-0.996185
1.6971E+12,acc,0.0059967,-0.00686646,-0.997238
1.6971E+12,acc,0.00350952,-0.00820923,-0.993958
1.6971E+12,acc,0.00398254,-0.00799561,-0.994415
1.6971E+12,acc,0.00387573,-0.00743103,-0.995102
1.6971E+12,acc,0.0032196,-0.0059967,-0.995956
1.6971E+12,acc,0.00476074,-0.00537109,-0.995453
1.6971E+12,acc,0.00608826,-0.00563049,-0.993713
1.6971E+12,acc,0.00521851,-0.00656128,-0.994553
1.6971E+12,acc,0.00480652,-0.00593567,-0.995071
1.6971E+12,acc,0.00602722,-0.0071106,-0.99472
1.6971E+12,acc,0.00422668,-0.00819397,-0.995087
1.6971E+12,acc,0.00296021,-0.00866699,-0.995926
1.6971E+12,acc,0.00453186,-0.00849915,-0.993896
1.6971E+12,acc,0.00462341,-0.00630188,-0.995407
1.6971E+12,acc,0.00640869,-0.00468445,-0.996277
1.6971E+12,acc,0.00505066,-0.00390625,-0.994934
1.6971E+12,acc,0.00613403,-0.00453186,-0.994843
1.6971E+12,acc,0.00500488,-0.00666809,-0.995056
1.6971E+12,acc,0.00509644,-0.00796509,-0.994247
1.6971E+12,acc,0.00613403,-0.00720215,-0.995865
1.6971E+12,acc,0.00489807,-0.00840759,-0.99617
1.6971E+12,acc,0.00550842,-0.00737,-0.993362
1.6971E+12,acc,0.00317383,-0.00656128,-0.9953
1.6971E+12,acc,0.00648499,-0.00622559,-0.994644
1.6971E+12,acc,0.0062561,-0.00505066,-0.995499
1.6971E+12,acc,0.00480652,-0.00695801,-0.995026
1.6971E+12,acc,0.0058136,-0.00614929,-0.994675
1.6971E+12,acc,0.00587463,-0.00717163,-0.994446
1.6971E+12,acc,0.00436401,-0.00683594,-0.994415
1.6971E+12,acc,0.00357056,-0.00701904,-0.995239
1.6971E+12,acc,0.00508118,-0.0070343,-0.996323
1.6971E+12,acc,0.00498962,-0.00611877,-0.994202
1.6971E+12,acc,0.00395203,-0.00610352,-0.99469
1.6971E+12,acc,0.00524902,-0.00671387,-0.995361
1.6971E+12,acc,0.00456238,-0.00508118,-0.996307
1.6971E+12,acc,0.00421143,-0.00563049,-0.995483
1.6971E+12,acc,0.00531006,-0.00689697,-0.995972
1.6971E+12,acc,0.00460815,-0.00923157,-0.994873
1.6971E+12,acc,0.00476074,-0.00796509,-0.996216
1.6971E+12,acc,0.00567627,-0.00622559,-0.994507
1.6971E+12,acc,0.00520325,-0.00421143,-0.993317
1.6971E+12,acc,0.00666809,-0.00445557,-0.995178
1.6971E+12,acc,0.00486755,-0.00535583,-0.995224
1.6971E+12,acc,0.00511169,-0.00787354,-0.995239
1.6971E+12,acc,0.00488281,-0.00695801,-0.99324
1.6971E+12,acc,0.00547791,-0.00775146,-0.994766
1.6971E+12,acc,0.00518799,-0.00671387,-0.99382
1.6971E+12,acc,0.0050354,-0.00605774,-0.995346
1.6971E+12,acc,0.00502014,-0.00567627,-0.993912
1.6971E+12,acc,0.00613403,-0.0058136,-0.995911
1.6971E+12,acc,0.00440979,-0.00549316,-0.996475
1.6971E+12,acc,0.00598145,-0.00593567,-0.995605
1.6971E+12,acc,0.00567627,-0.00657654,-0.995758
1.6971E+12,acc,0.00570679,-0.00888062,-0.995346
1.6971E+12,acc,0.00411987,-0.00790405,-0.995438
1.6971E+12,acc,0.00396729,-0.00572205,-0.995743
1.6971E+12,acc,0.00692749,-0.00691223,-0.995209
1.6971E+12,acc,0.00498962,-0.00653076,-0.994766
1.6971E+12,acc,0.00511169,-0.00579834,-0.995255
1.6971E+12,acc,0.00500488,-0.00823975,-0.995743
1.6971E+12,acc,0.00364685,-0.00761414,-0.995819
1.6971E+12,acc,0.00480652,-0.00679016,-0.99382
1.6971E+12,acc,0.00476074,-0.00605774,-0.993576
1.6971E+12,acc,0.00640869,-0.00476074,-0.995438
1.6971E+12,acc,0.00494385,-0.00482178,-0.99675
1.6971E+12,acc,0.00479126,-0.0042572,-0.996384
1.6971E+12,acc,0.00575256,-0.00563049,-0.995636
1.6971E+12,acc,0.006073,-0.00508118,-0.995255
1.6971E+12,acc,0.00527954,-0.00621033,-0.996613
1.6971E+12,acc,0.00538635,-0.00839233,-0.995392
1.6971E+12,acc,0.00549316,-0.00801086,-0.994064
1.6971E+12,acc,0.00431824,-0.0070343,-0.995697
1.6971E+12,acc,0.00431824,-0.00682068,-0.996262
1.6971E+12,acc,0.00547791,-0.00727844,-0.995132
1.6971E+12,acc,0.00570679,-0.00593567,-0.99472
1.6971E+12,acc,0.00614929,-0.00692749,-0.99437
1.6971E+12,acc,0.0045166,-0.00666809,-0.994217
1.6971E+12,acc,0.00393677,-0.00541687,-0.995514
1.6971E+12,acc,0.00593567,-0.00578308,-0.995758
1.6971E+12,acc,0.00752258,-0.00787354,-0.996231
1.6971E+12,acc,0.00523376,-0.00737,-0.994873
1.6971E+12,acc,0.00523376,-0.00708008,-0.9953
1.6971E+12,acc,0.0052948,-0.00558472,-0.995651
1.6971E+12,acc,0.00546265,-0.00434875,-0.995865
1.6971E+12,acc,0.00657654,-0.00563049,-0.994766
1.6971E+12,acc,0.00683594,-0.00653076,-0.994797
1.6971E+12,acc,0.00561523,-0.0068512,-0.99411
1.6971E+12,acc,0.00546265,-0.00579834,-0.994202
1.6971E+12,acc,0.00344849,-0.00622559,-0.99527
1.6971E+12,acc,0.00320435,-0.00602722,-0.995453
1.6971E+12,acc,0.00509644,-0.00698853,-0.995529
1.6971E+12,acc,0.0055542,-0.00572205,-0.994965
1.6971E+12,acc,0.00637817,-0.00675964,-0.994614
1.6971E+12,acc,0.0063324,-0.00622559,-0.994629
1.6971E+12,acc,0.00402832,-0.00593567,-0.995926
1.6971E+12,acc,0.00424194,-0.0067749,-0.995514
1.6971E+12,acc,0.00584412,-0.00648499,-0.995621
1.6971E+12,acc,0.00456238,-0.00828552,-0.99472
1.6971E+12,acc,0.00384521,-0.00686646,-0.994186
1.6971E+12,acc,0.00605774,-0.00642395,-0.994507
1.6971E+12,acc,0.00440979,-0.00584412,-0.99437
1.6971E+12,acc,0.00672913,-0.0045166,-0.996582
1.6971E+12,acc,0.00552368,-0.00706482,-0.995773
1.6971E+12,acc,0.0050354,-0.00683594,-0.994736
1.6971E+12,acc,0.00480652,-0.00511169,-0.995163
1.6971E+12,acc,0.00540161,-0.00720215,-0.995316
1.6971E+12,acc,0.00468445,-0.00520325,-0.9944
1.6971E+12,acc,0.00512695,-0.00469971,-0.995621
1.6971E+12,acc,0.00531006,-0.00531006,-0.995728
1.6971E+12,acc,0.00698853,-0.00605774,-0.99472
1.6971E+12,acc,0.00491333,-0.00497437,-0.99498
1.6971E+12,acc,0.00283813,-0.00738525,-0.994385
1.6971E+12,acc,0.00404358,-0.00631714,-0.995682
1.6971E+12,acc,0.00421143,-0.00643921,-0.994568
1.6971E+12,acc,0.00518799,-0.0058136,-0.994537
1.6971E+12,acc,0.00405884,-0.00523376,-0.996872
1.6971E+12,acc,0.00341797,-0.00610352,-0.995911
1.6971E+12,acc,0.0052948,-0.0059967,-0.994614
1.6971E+12,acc,0.00454712,-0.00587463,-0.995163
1.6971E+12,acc,0.00476074,-0.00593567,-0.995148
1.6971E+12,acc,0.00471497,-0.00656128,-0.996262
1.6971E+12,acc,0.0045166,-0.00543213,-0.994751
1.6971E+12,acc,0.00492859,-0.00531006,-0.995178
1.6971E+12,acc,0.00398254,-0.00335693,-0.994064
1.6971E+12,acc,0.00463867,-0.00534058,-0.996353
1.6971E+12,acc,0.00390625,-0.00570679,-0.995239
1.6971E+12,acc,0.00291443,-0.00442505,-0.99559
1.6971E+12,acc,0.00544739,-0.00801086,-0.99585
1.6971E+12,acc,0.00431824,-0.00712585,-0.995605
1.6971E+12,acc,0.00395203,-0.00619507,-0.995132
1.6971E+12,acc,0.00500488,-0.00537109,-0.994171
1.6971E+12,acc,0.00396729,-0.00535583,-0.993546
1.6971E+12,acc,0.004776,-0.00495911,-0.994141
1.6971E+12,acc,0.00320435,-0.0063324,-0.994385
1.6971E+12,acc,0.00328064,-0.00749207,-0.994507
1.6971E+12,acc,0.00494385,-0.00730896,-0.99437
1.6971E+12,acc,0.00332642,-0.00704956,-0.995575
1.6971E+12,acc,0.00450134,-0.00645447,-0.994431
1.6971E+12,acc,0.00532532,-0.00588989,-0.993378
1.6971E+12,acc,0.00457764,-0.00674438,-0.995117
1.6971E+12,acc,0.0042572,-0.0040741,-0.994614
1.6971E+12,acc,0.00558472,-0.0075531,-0.994873
1.6971E+12,acc,0.00282288,-0.00553894,-0.995041
1.6971E+12,acc,0.00350952,-0.00621033,-0.994568
1.6971E+12,acc,0.00338745,-0.0072937,-0.995102
1.6971E+12,acc,0.00306702,-0.00657654,-0.994736
1.6971E+12,acc,0.00444031,-0.00608826,-0.996902
1.6971E+12,acc,0.00552368,-0.00437927,-0.994705
1.6971E+12,acc,0.00579834,-0.0063324,-0.993958
1.6971E+12,acc,0.00514221,-0.0052948,-0.995514
1.6971E+12,acc,0.00421143,-0.00674438,-0.993515
1.6971E+12,acc,0.00404358,-0.00816345,-0.994339
1.6971E+12,acc,0.00201416,-0.00701904,-0.994034
1.6971E+12,acc,0.00292969,-0.00552368,-0.994125
1.6971E+12,acc,0.00448608,-0.00585938,-0.994705
1.6971E+12,acc,0.00514221,-0.00610352,-0.994263
1.6971E+12,acc,0.00544739,-0.00604248,-0.994598
1.6971E+12,acc,-0.00775146,-0.00289917,-0.966797
1.6971E+12,acc,-0.0296478,-0.00883484,-1.0295
1.6971E+12,acc,0.0177917,-0.00643921,-1.00887
1.6971E+12,acc,0.00213623,-0.0108185,-0.998657
1.6971E+12,acc,0.00714111,-0.00796509,-1.00626
1.6971E+12,acc,0.008255,-0.0101318,-0.987061
1.6971E+12,acc,0.0063324,-0.00814819,-0.989716
1.6971E+12,acc,0.00706482,-0.00897217,-0.999954
1.6971E+12,acc,0.00862122,-0.0091095,-0.98642
1.6971E+12,acc,0.00787354,-0.00822449,-0.993454
1.6971E+12,acc,0.00842285,-0.00895691,-0.997391
1.6971E+12,acc,0.00692749,-0.00926208,-0.99913
1.6971E+12,acc,0.00462341,-0.00900269,-0.994797
1.6971E+12,acc,0.00524902,-0.00930786,-0.995438
1.6971E+12,acc,0.00640869,-0.00808716,-0.997604
1.6971E+12,acc,0.00708008,-0.00776672,-0.997238
1.6971E+12,acc,0.00845337,-0.00895691,-0.993347
1.6971E+12,acc,0.00830078,-0.00798035,-0.996567
1.6971E+12,acc,0.00727844,-0.0096283,-0.99382
1.6971E+12,acc,0.00868225,-0.0103302,-0.995087
1.6971E+12,acc,0.00639343,-0.00849915,-0.99585
1.6971E+12,acc,0.00569153,-0.00895691,-0.99527
1.6971E+12,acc,0.00672913,-0.00758362,-0.997116
1.6971E+12,acc,0.00831604,-0.00695801,-0.995316
1.6971E+12,acc,0.00521851,-0.00567627,-0.995071
1.6971E+12,acc,0.0058136,-0.00654602,-0.995224
1.6971E+12,acc,0.00643921,-0.00846863,-0.993423
1.6971E+12,acc,0.00691223,-0.00985718,-0.995056
1.6971E+12,acc,0.00727844,-0.00840759,-0.99675
1.6971E+12,acc,0.00791931,-0.00740051,-0.99411
1.6971E+12,acc,0.00761414,-0.00686646,-0.995255
1.6971E+12,acc,0.00585938,-0.0065918,-0.995316
1.6971E+12,acc,0.00689697,-0.00750732,-0.995087
1.6971E+12,acc,0.00688171,-0.00744629,-0.993942
1.6971E+12,acc,0.0057373,-0.0088501,-0.995529
1.6971E+12,acc,0.00695801,-0.00799561,-0.994431
1.6971E+12,acc,0.00743103,-0.00938416,-0.996231
1.6971E+12,acc,0.00663757,-0.00909424,-0.995102
1.6971E+12,acc,0.00610352,-0.00769043,-0.993896
1.6971E+12,acc,0.00828552,-0.0078125,-0.995575
1.6971E+12,acc,0.00646973,-0.0093689,-0.996216
1.6971E+12,acc,0.00579834,-0.00816345,-0.996414
1.6971E+12,acc,0.00473022,-0.00942993,-0.992859
1.6971E+12,acc,0.00628662,-0.00880432,-0.994934
1.6971E+12,acc,0.00610352,-0.00997925,-0.99353
1.6971E+12,acc,0.00820923,-0.00718689,-0.992844
1.6971E+12,acc,0.00559998,-0.00468445,-0.994049
1.6971E+12,acc,0.000900269,-0.00634766,-0.998276
1.6971E+12,acc,0.00578308,-0.00605774,-0.994675
1.6971E+12,acc,0.00491333,-0.00669861,-0.995499
1.6971E+12,acc,0.00428772,-0.00997925,-0.994858
1.6971E+12,acc,0.00335693,-0.00817871,-0.994263
1.6971E+12,acc,0.0030365,-0.00732422,-0.994705
1.6971E+12,acc,0.00375366,-0.00726318,-0.993362
1.6971E+12,acc,0.00288391,-0.0052948,-0.994995
1.6971E+12,acc,0.00476074,-0.00624084,-0.995758
1.6971E+12,acc,0.00482178,-0.00611877,-0.994888
1.6971E+12,acc,0.00370789,-0.0080719,-0.995987
1.6971E+12,acc,0.00450134,-0.00772095,-0.995895
1.6971E+12,acc,0.00531006,-0.00865173,-0.994293
1.6971E+12,acc,0.00453186,-0.00813293,-0.995255
1.6971E+12,acc,0.00494385,-0.00662231,-0.995056
1.6971E+12,acc,0.00367737,-0.00454712,-0.995941
1.6971E+12,acc,0.00616455,-0.00601196,-0.994781
1.6971E+12,acc,0.00509644,-0.0067749,-0.995636
1.6971E+12,acc,0.00448608,-0.00788879,-0.995804
1.6971E+12,acc,0.00489807,-0.00828552,-0.99498
1.6971E+12,acc,0.00450134,-0.00717163,-0.996323
1.6971E+12,acc,0.00396729,-0.00720215,-0.994522
1.6971E+12,acc,0.00259399,-0.00640869,-0.996658
1.6971E+12,acc,0.00532532,-0.00566101,-0.995102
1.6971E+12,acc,0.00450134,-0.00794983,-0.993637
1.6971E+12,acc,0.00390625,-0.00909424,-0.994965
1.6971E+12,acc,0.00376892,-0.0065918,-0.997147
1.6971E+12,acc,0.00292969,-0.00593567,-0.995285
1.6971E+12,acc,0.00375366,-0.00750732,-0.99559
1.6971E+12,acc,0.0037384,-0.00631714,-0.995621
1.6971E+12,acc,0.00511169,-0.00897217,-0.995071
1.6971E+12,acc,0.00494385,-0.00746155,-0.994675
1.6971E+12,acc,0.00413513,-0.00543213,-0.995697
1.6971E+12,acc,0.00366211,-0.00575256,-0.99408
1.6971E+12,acc,0.00334167,-0.00810242,-0.994797
1.6971E+12,acc,0.00439453,-0.00756836,-0.994217
1.6971E+12,acc,0.0045166,-0.00621033,-0.994339
1.6971E+12,acc,0.00473022,-0.00585938,-0.995468
1.6971E+12,acc,0.00415039,-0.00572205,-0.995956
1.6971E+12,acc,0.00471497,-0.00691223,-0.995636
1.6971E+12,acc,0.00588989,-0.00598145,-0.995148
1.6971E+12,acc,0.0065155,-0.00695801,-0.99649
1.6971E+12,acc,0.00639343,-0.00765991,-0.994019
1.6971E+12,acc,0.00515747,-0.00642395,-0.994614
1.6971E+12,acc,0.00378418,-0.00656128,-0.996414
1.6971E+12,acc,0.00572205,-0.00750732,-0.994263
1.6971E+12,acc,0.0055542,-0.0071106,-0.993134
1.6971E+12,acc,0.00531006,-0.00738525,-0.995071
1.6971E+12,acc,0.00456238,-0.00624084,-0.995209
1.6971E+12,acc,0.00326538,-0.00576782,-0.995575
1.6971E+12,acc,0.00363159,-0.0063324,-0.995224
1.6971E+12,acc,0.00520325,-0.00648499,-0.995544
1.6971E+12,acc,0.00309753,-0.00546265,-0.99617
1.6971E+12,acc,0.00491333,-0.0072937,-0.9944
1.6971E+12,acc,0.00584412,-0.00794983,-0.995178
1.6971E+12,acc,0.00367737,-0.00891113,-0.99588
1.6971E+12,acc,0.00286865,-0.00672913,-0.994308
1.6971E+12,acc,0.00447083,-0.00627136,-0.994919
1.6971E+12,acc,0.00511169,-0.00784302,-0.993652
1.6971E+12,acc,0.00445557,-0.00602722,-0.996124
1.6971E+12,acc,0.00309753,-0.00743103,-0.99527
1.6971E+12,acc,0.00447083,-0.0080719,-0.994629
1.6971E+12,acc,0.00395203,-0.00840759,-0.995743
1.6971E+12,acc,0.00482178,-0.00874329,-0.996078
1.6971E+12,acc,0.00326538,-0.00662231,-0.993744
1.6971E+12,acc,0.00338745,-0.00552368,-0.994492
1.6971E+12,acc,0.00486755,-0.00613403,-0.994629
1.6971E+12,acc,0.00392151,-0.0062561,-0.994995
1.6971E+12,acc,0.00390625,-0.00566101,-0.994568
1.6971E+12,acc,0.00384521,-0.00762939,-0.99614
1.6971E+12,acc,0.00367737,-0.0071106,-0.995773
1.6971E+12,acc,0.00465393,-0.00813293,-0.99501
1.6971E+12,acc,0.00444031,-0.00486755,-0.994644
1.6971E+12,acc,0.00300598,-0.00619507,-0.992523
1.6971E+12,acc,0.010025,-0.0201569,-0.956543
1.6971E+12,acc,-0.0750732,-0.000671387,-1.02213
1.6971E+12,acc,0.0389709,0.00111389,-1.0266
1.6971E+12,acc,-0.00175476,-0.011795,-0.98761
1.6971E+12,acc,0.00706482,-0.00785828,-1.011
1.6971E+12,acc,0.00537109,-0.00697327,-0.994705
1.6971E+12,acc,0.00419617,-0.00727844,-0.994171
1.6971E+12,acc,0.00479126,-0.00645447,-0.994873
1.6971E+12,acc,0.00395203,-0.00888062,-0.994431
1.6971E+12,acc,0.00422668,-0.00680542,-0.995529
1.6971E+12,acc,0.00491333,-0.00587463,-0.995499
1.6971E+12,acc,0.00494385,-0.00508118,-0.994202
1.6971E+12,acc,0.00450134,-0.00712585,-0.995178
1.6971E+12,acc,0.00250244,-0.00669861,-0.99617
1.6971E+12,acc,0.00318909,-0.0071106,-0.995132
1.6971E+12,acc,0.00419617,-0.00759888,-0.994644
1.6971E+12,acc,0.00314331,-0.00790405,-0.9935
1.6971E+12,acc,0.00364685,-0.0080719,-0.993866
1.6971E+12,acc,0.00531006,-0.00756836,-0.993515
1.6971E+12,acc,0.00424194,-0.00653076,-0.994492
1.6971E+12,acc,0.00450134,-0.00782776,-0.995056
1.6971E+12,acc,0.00463867,-0.00674438,-0.994598
1.6971E+12,acc,0.00360107,-0.00688171,-0.993942
1.6971E+12,acc,0.00312805,-0.00889587,-0.993607
1.6971E+12,acc,0.00302124,-0.00772095,-0.99408
1.6971E+12,acc,0.00521851,-0.00650024,-0.994583
1.6971E+12,acc,0.00318909,-0.0067749,-0.995209
1.6971E+12,acc,0.00518799,-0.00502014,-0.995148
1.6971E+12,acc,0.00431824,-0.00622559,-0.995956
1.6971E+12,acc,0.00514221,-0.00796509,-0.994308
1.6971E+12,acc,0.0038147,-0.00756836,-0.994553
1.6971E+12,acc,0.00511169,-0.00660706,-0.994263
1.6971E+12,acc,0.00436401,-0.00759888,-0.994461
1.6971E+12,acc,0.00376892,-0.00666809,-0.994263
1.6971E+12,acc,0.00463867,-0.00688171,-0.995346
1.6971E+12,acc,0.0042572,-0.00660706,-0.99472
1.6971E+12,acc,0.00482178,-0.00656128,-0.995255
1.6971E+12,acc,0.00376892,-0.00724792,-0.996338
1.6971E+12,acc,0.00502014,-0.00619507,-0.995163
1.6971E+12,acc,0.00492859,-0.00540161,-0.995514
1.6971E+12,acc,0.003479,-0.00698853,-0.995743
1.6971E+12,acc,0.00483704,-0.0078125,-0.995407
1.6971E+12,acc,0.00596619,-0.00666809,-0.994904
1.6971E+12,acc,0.00532532,-0.00740051,-0.99353
1.6971E+12,acc,0.00463867,-0.00811768,-0.993332
1.6971E+12,acc,0.00317383,-0.006073,-0.994461
1.6971E+12,acc,0.00367737,-0.00648499,-0.995483
1.6971E+12,acc,0.00413513,-0.00798035,-0.99379
1.6971E+12,acc,0.00296021,-0.00793457,-0.993164
1.6971E+12,acc,0.00375366,-0.00672913,-0.994751
1.6971E+12,acc,0.00440979,-0.00680542,-0.995773
1.6971E+12,acc,0.00386047,-0.00675964,-0.994461
1.6971E+12,acc,0.00419617,-0.00704956,-0.99408
1.6971E+12,acc,0.00534058,-0.00657654,-0.995758
1.6971E+12,acc,0.00497437,-0.00747681,-0.995758
1.6971E+12,acc,0.00482178,-0.00627136,-0.99559
1.6971E+12,acc,0.00512695,-0.00715637,-0.994232
1.6971E+12,acc,0.00476074,-0.00802612,-0.993744
1.6971E+12,acc,0.00392151,-0.0068512,-0.995407
1.6971E+12,acc,0.00500488,-0.00737,-0.995651
1.6971E+12,acc,0.00453186,-0.00747681,-0.995728
1.6971E+12,acc,0.00706482,-0.00790405,-0.995163
1.6971E+12,acc,0.00430298,-0.00698853,-0.994339
1.6971E+12,acc,0.00384521,-0.00628662,-0.99472
1.6971E+12,acc,0.00392151,-0.00672913,-0.994141
1.6971E+12,acc,0.00495911,-0.00758362,-0.994751
1.6971E+12,acc,0.0059967,-0.00804138,-0.995499
1.6971E+12,acc,0.0037384,-0.00697327,-0.994507
1.6971E+12,acc,0.00315857,-0.00752258,-0.993423
1.6971E+12,acc,0.00541687,-0.00669861,-0.995071
1.6971E+12,acc,0.00653076,-0.00611877,-0.994064
1.6971E+12,acc,0.00480652,-0.00689697,-0.995117
1.6971E+12,acc,0.0055542,-0.00671387,-0.994278
1.6971E+12,acc,0.0050354,-0.00694275,-0.994858
1.6971E+12,acc,0.00437927,-0.0065918,-0.995773
1.6971E+12,acc,0.00398254,-0.00704956,-0.994461
1.6971E+12,acc,0.00631714,-0.00865173,-0.994385
1.6971E+12,acc,0.00360107,-0.00714111,-0.99588
1.6971E+12,acc,0.00512695,-0.0058136,-0.993958
1.6971E+12,acc,0.00404358,-0.00688171,-0.993652
1.6971E+12,acc,0.00276184,-0.0065918,-0.993942
1.6971E+12,acc,0.00296021,-0.00624084,-0.994812
1.6971E+12,acc,0.00288391,-0.00610352,-0.994553
1.6971E+12,acc,0.00402832,-0.00608826,-0.993744
1.6971E+12,acc,0.0050354,-0.00578308,-0.995087
1.6971E+12,acc,0.00442505,-0.00689697,-0.995453
1.6971E+12,acc,0.00317383,-0.00765991,-0.994202
1.6971E+12,acc,0.00405884,-0.00724792,-0.994858
1.6971E+12,acc,0.00497437,-0.00616455,-0.99617
1.6971E+12,acc,0.00585938,-0.0065155,-0.996887
1.6971E+12,acc,0.00311279,-0.00564575,-0.995972
1.6971E+12,acc,0.00314331,-0.00819397,-0.99411
1.6971E+12,acc,0.00410461,-0.00732422,-0.994186
1.6971E+12,acc,0.00318909,-0.00762939,-0.995132
1.6971E+12,acc,0.0037384,-0.00680542,-0.994568
1.6971E+12,acc,0.00549316,-0.00628662,-0.994492
1.6971E+12,acc,0.00436401,-0.00732422,-0.994217
1.6971E+12,acc,0.00473022,-0.00682068,-0.993851
1.6971E+12,acc,0.00541687,-0.00665283,-0.994141
1.6971E+12,acc,0.00471497,-0.00675964,-0.994492
1.6971E+12,acc,0.00520325,-0.00637817,-0.994461
1.6971E+12,acc,0.0040741,-0.00657654,-0.996597
1.6971E+12,acc,0.00489807,-0.00643921,-0.994461
1.6971E+12,acc,0.00297546,-0.00656128,-0.995499
1.6971E+12,acc,0.00431824,-0.00621033,-0.99498
1.6971E+12,acc,0.00453186,-0.00805664,-0.994446
1.6971E+12,acc,0.00595093,-0.00827026,-0.994919
1.6971E+12,acc,0.0037384,-0.00701904,-0.994415
1.6971E+12,acc,0.00544739,-0.00596619,-0.993774
1.6971E+12,acc,0.00531006,-0.00709534,-0.995285
1.6971E+12,acc,0.00387573,-0.00733948,-0.994659
1.6971E+12,acc,0.00389099,-0.00747681,-0.995392
1.6971E+12,acc,0.00439453,-0.00845337,-0.995438
1.6971E+12,acc,0.00509644,-0.00715637,-0.99704
1.6971E+12,acc,0.00392151,-0.00556946,-0.994949
1.6971E+12,acc,0.00462341,-0.00500488,-0.992874
1.6971E+12,acc,-0.0181885,-0.0113525,-0.965683
1.6971E+12,acc,-0.00883484,-0.0220642,-1.09328
1.6971E+12,acc,0.0550079,0.0103912,-0.936646
1.6971E+12,acc,0.00537109,-0.013031,-1.01158
1.6971E+12,acc,0.0107574,-0.00827026,-0.995377
1.6971E+12,acc,0.00900269,-0.00863647,-0.98085
1.6971E+12,acc,0.00865173,-0.00611877,-1.00354
1.6971E+12,acc,0.00912476,-0.00917053,-0.992432
1.6971E+12,acc,0.00842285,-0.00865173,-0.988037
1.6971E+12,acc,0.00468445,-0.0090332,-0.997421
1.6971E+12,acc,0.00558472,-0.009552,-0.992401
1.6971E+12,acc,0.00723267,-0.00790405,-0.993301
1.6971E+12,acc,0.00469971,-0.00871277,-1.00056
1.6971E+12,acc,0.00531006,-0.00758362,-0.992706
1.6971E+12,acc,0.00700378,-0.00682068,-0.996719
1.6971E+12,acc,0.00798035,-0.00907898,-0.996521
1.6971E+12,acc,0.00811768,-0.00924683,-0.991959
1.6971E+12,acc,0.00531006,-0.00845337,-0.995697
1.6971E+12,acc,0.00544739,-0.00785828,-0.993805
1.6971E+12,acc,0.00715637,-0.00749207,-0.993393
1.6971E+12,acc,0.00646973,-0.00889587,-0.995529
1.6971E+12,acc,0.00804138,-0.00575256,-0.995346
1.6971E+12,acc,0.00741577,-0.00622559,-0.992996
1.6971E+12,acc,0.00645447,-0.00785828,-0.994614
1.6971E+12,acc,0.00758362,-0.00782776,-0.992493
1.6971E+12,acc,0.00794983,-0.00820923,-0.993729
1.6971E+12,acc,0.00636292,-0.00868225,-0.994583
1.6971E+12,acc,0.00189209,-0.0055542,-0.996094
1.6971E+12,acc,0.00341797,-0.00996399,-0.996628
1.6971E+12,acc,0.00476074,-0.0065918,-0.995239
1.6971E+12,acc,0.0043335,-0.00639343,-0.995163
1.6971E+12,acc,0.00379944,-0.00646973,-0.993958
1.6971E+12,acc,0.00448608,-0.00741577,-0.993683
1.6971E+12,acc,0.00634766,-0.00775146,-0.993881
1.6971E+12,acc,0.00422668,-0.00862122,-0.994049
1.6971E+12,acc,0.00546265,-0.0065918,-0.993332
1.6971E+12,acc,0.00500488,-0.00778198,-0.99437
1.6971E+12,acc,0.0022583,-0.00579834,-0.994202
1.6971E+12,acc,0.00349426,-0.00636292,-0.995911
1.6971E+12,acc,0.00538635,-0.0059967,-0.994049
1.6971E+12,acc,0.0059967,-0.006073,-0.994751
1.6971E+12,acc,0.00474548,-0.00793457,-0.995834
1.6971E+12,acc,0.00436401,-0.00592041,-0.99556
1.6971E+12,acc,0.00564575,-0.00619507,-0.994522
1.6971E+12,acc,0.00367737,-0.00624084,-0.993912
1.6971E+12,acc,0.00590515,-0.00776672,-0.994522
1.6971E+12,acc,0.00436401,-0.0065155,-0.994812
1.6971E+12,acc,0.00430298,-0.00827026,-0.994354
1.6971E+12,acc,0.00382996,-0.008255,-0.995193
1.6971E+12,acc,0.00463867,-0.00720215,-0.994156
1.6971E+12,acc,0.00505066,-0.00592041,-0.993835
1.6971E+12,acc,0.00645447,-0.00778198,-0.992538
1.6971E+12,acc,0.0058136,-0.00666809,-0.994827
1.6971E+12,acc,0.00431824,-0.00642395,-0.995575
1.6971E+12,acc,0.004776,-0.00718689,-0.995056
1.6971E+12,acc,0.00279236,-0.00756836,-0.994629
1.6971E+12,acc,0.00323486,-0.00669861,-0.99527
1.6971E+12,acc,0.00523376,-0.0063324,-0.993652
1.6971E+12,acc,0.00489807,-0.0045166,-0.994904
1.6971E+12,acc,0.00395203,-0.0065155,-0.994949
1.6971E+12,acc,0.00390625,-0.00753784,-0.994446
1.6971E+12,acc,0.00517273,-0.00740051,-0.99411
1.6971E+12,acc,0.00515747,-0.00569153,-0.994781
1.6971E+12,acc,0.00236511,-0.00634766,-0.994888
1.6971E+12,acc,0.00613403,-0.00761414,-0.994431
1.6971E+12,acc,0.00509644,-0.00895691,-0.992905
1.6971E+12,acc,0.00630188,-0.00695801,-0.993652
1.6971E+12,acc,0.0035553,-0.00494385,-0.995758
1.6971E+12,acc,0.00410461,-0.00534058,-0.995026
1.6971E+12,acc,0.00630188,-0.00700378,-0.995529
1.6971E+12,acc,0.00547791,-0.00798035,-0.993271
1.6971E+12,acc,0.00518799,-0.00808716,-0.995071
1.6971E+12,acc,0.00531006,-0.00602722,-0.994705
1.6971E+12,acc,0.00416565,-0.00720215,-0.994446
1.6971E+12,acc,0.00541687,-0.00611877,-0.995407
1.6971E+12,acc,0.00549316,-0.00698853,-0.994202
1.6971E+12,acc,0.00411987,-0.0057373,-0.993652
1.6971E+12,acc,0.0042572,-0.00627136,-0.992889
1.6971E+12,acc,0.00448608,-0.0059967,-0.994858
1.6971E+12,acc,0.00390625,-0.00595093,-0.995605
1.6971E+12,acc,0.00366211,-0.00723267,-0.993027
1.6971E+12,acc,0.00497437,-0.00704956,-0.99559
1.6971E+12,acc,0.00444031,-0.00727844,-0.994781
1.6971E+12,acc,0.00340271,-0.0065155,-0.994629
1.6971E+12,acc,0.00411987,-0.00628662,-0.99498
1.6971E+12,acc,0.0063324,-0.00637817,-0.994202
1.6971E+12,acc,0.0045166,-0.00624084,-0.992691
1.6971E+12,acc,0.00440979,-0.00544739,-0.995651
1.6971E+12,acc,0.00543213,-0.00593567,-0.993622
1.6971E+12,acc,0.00401306,-0.00758362,-0.993927
1.6971E+12,acc,0.00416565,-0.00544739,-0.995102
1.6971E+12,acc,0.00424194,-0.00645447,-0.995209
1.6971E+12,acc,0.00572205,-0.00523376,-0.995193
1.6971E+12,acc,0.00570679,-0.00695801,-0.995239
1.6971E+12,acc,0.00463867,-0.00669861,-0.993805
1.6971E+12,acc,0.00462341,-0.00595093,-0.995972
1.6971E+12,acc,0.00437927,-0.00627136,-0.994965
1.6971E+12,acc,0.00436401,-0.00770569,-0.99408
1.6971E+12,acc,0.00215149,-0.00646973,-0.993942
1.6971E+12,acc,0.00523376,-0.00631714,-0.995697
1.6971E+12,acc,0.00436401,-0.00788879,-0.994766
1.6971E+12,acc,0.00244141,-0.00741577,-0.995255
1.6971E+12,acc,0.00488281,-0.00672913,-0.995667
1.6971E+12,acc,0.00367737,-0.00505066,-0.994492
1.6971E+12,acc,0.00396729,-0.00538635,-0.994049
1.6971E+12,acc,0.0045166,-0.008255,-0.994415
1.6971E+12,acc,0.00387573,-0.00663757,-0.995789
1.6971E+12,acc,0.0019989,-0.00737,-0.996216
1.6971E+12,acc,0.00474548,-0.0068512,-0.994034
1.6971E+12,acc,0.00463867,-0.00547791,-0.99379
1.6971E+12,acc,0.00561523,-0.00749207,-0.995483
1.6971E+12,acc,0.00410461,-0.00640869,-0.995407
1.6971E+12,acc,0.00616455,-0.00642395,-0.995087
1.6971E+12,acc,0.00474548,-0.00590515,-0.99559
1.6971E+12,acc,0.00482178,-0.00802612,-0.993347
1.6971E+12,acc,0.00389099,-0.00753784,-0.995407
1.6971E+12,acc,0.00462341,-0.00753784,-0.995621
1.6971E+12,acc,0.00328064,-0.00737,-0.995361
1.6971E+12,acc,0.00344849,-0.00512695,-0.99472
1.6971E+12,acc,0.00422668,-0.00683594,-0.99469
1.6971E+12,acc,0.004776,-0.00640869,-0.995239
1.6971E+12,acc,0.00389099,-0.00671387,-0.996445
1.6971E+12,acc,0.00489807,-0.00744629,-0.99411
1.6971E+12,acc,0.00569153,-0.00663757,-0.994781
1.6971E+12,acc,0.00521851,-0.00663757,-0.994858
1.6971E+12,acc,0.00526428,-0.0085907,-0.993912
1.6971E+12,acc,0.00386047,-0.00683594,-0.992889
1.6971E+12,acc,0.00318909,-0.00627136,-0.994507
1.6971E+12,acc,0.00521851,-0.00865173,-0.996201
1.6971E+12,acc,0.00456238,-0.00572205,-0.993744
1.6971E+12,acc,0.00314331,-0.00462341,-0.993286
1.6971E+12,acc,0.00474548,-0.00584412,-0.994156
1.6971E+12,acc,0.00413513,-0.00805664,-0.995026
1.6971E+12,acc,0.0045166,-0.00640869,-0.993866
1.6971E+12,acc,0.00480652,-0.00808716,-0.99324
1.6971E+12,acc,0.0037384,-0.00700378,-0.994904
1.6971E+12,acc,0.00508118,-0.00706482,-0.99559
1.6971E+12,acc,0.00480652,-0.00576782,-0.99469
1.6971E+12,acc,0.0038147,-0.00587463,-0.994293
1.6971E+12,acc,0.00524902,-0.00675964,-0.99588
1.6971E+12,acc,0.00434875,-0.00648499,-0.995361
1.6971E+12,acc,0.00483704,-0.0063324,-0.995193
1.6971E+12,acc,0.00553894,-0.0065918,-0.995193
1.6971E+12,acc,0.00392151,-0.00675964,-0.995926
1.6971E+12,acc,0.00428772,-0.00588989,-0.993271
1.6971E+12,acc,0.00593567,-0.00683594,-0.994125
1.6971E+12,acc,0.00340271,-0.0070343,-0.991257
1.6971E+12,acc,0.0494537,-0.0293121,-1.01645
1.6971E+12,acc,-0.046936,0.0257416,-0.908768
1.6971E+12,acc,0.0101013,-0.0179291,-1.06259
1.6971E+12,acc,0.000411987,-0.0142365,-0.970657
1.6971E+12,acc,0.00738525,-0.0108643,-1.00537
1.6971E+12,acc,0.0120392,-0.00720215,-0.999344
1.6971E+12,acc,0.00898743,-0.00646973,-0.978455
1.6971E+12,acc,0.00920105,-0.0065155,-1.00569
1.6971E+12,acc,0.00799561,-0.00837708,-0.992599
1.6971E+12,acc,0.00466919,-0.00706482,-0.993546
1.6971E+12,acc,0.00315857,-0.00753784,-0.993713
1.6971E+12,acc,0.00512695,-0.0065155,-0.994003
1.6971E+12,acc,0.00448608,-0.00784302,-0.994232
1.6971E+12,acc,0.00442505,-0.00802612,-0.995789
1.6971E+12,acc,0.00631714,-0.00665283,-0.993958
1.6971E+12,acc,0.00361633,-0.00543213,-0.995255
1.6971E+12,acc,0.00512695,-0.00749207,-0.994354
1.6971E+12,acc,0.00245667,-0.00769043,-0.9935
1.6971E+12,acc,0.00415039,-0.00737,-0.993851
1.6971E+12,acc,0.00498962,-0.00639343,-0.99472
1.6971E+12,acc,0.00289917,-0.00772095,-0.994003
1.6971E+12,acc,0.00309753,-0.00750732,-0.994293
1.6971E+12,acc,0.00534058,-0.00694275,-0.994858
1.6971E+12,acc,0.00372314,-0.00598145,-0.99472
1.6971E+12,acc,0.00382996,-0.00758362,-0.996353
1.6971E+12,acc,0.00410461,-0.00654602,-0.995285
1.6971E+12,acc,0.00427246,-0.0065918,-0.993851
1.6971E+12,acc,0.00395203,-0.0075531,-0.994476
1.6971E+12,acc,0.003479,-0.00740051,-0.9953
1.6971E+12,acc,0.00465393,-0.00761414,-0.994888
1.6971E+12,acc,0.00331116,-0.00756836,-0.995407
1.6971E+12,acc,0.0032959,-0.00733948,-0.993546
1.6971E+12,acc,0.004776,-0.0052948,-0.994629
1.6971E+12,acc,0.00389099,-0.00540161,-0.993973
1.6971E+12,acc,0.00645447,-0.00769043,-0.994858
1.6971E+12,acc,0.00663757,-0.00733948,-0.994629
1.6971E+12,acc,0.00517273,-0.0071106,-0.995148
1.6971E+12,acc,0.00392151,-0.00769043,-0.996597
1.6971E+12,acc,0.00447083,-0.00735474,-0.995987
1.6971E+12,acc,0.00440979,-0.00784302,-0.994659
1.6971E+12,acc,0.0042572,-0.00561523,-0.99585
1.6971E+12,acc,0.00498962,-0.00811768,-0.992783
1.6971E+12,acc,0.00393677,-0.00700378,-0.995407
1.6971E+12,acc,0.00531006,-0.00759888,-0.99559
1.6971E+12,acc,0.00462341,-0.00680542,-0.996307
1.6971E+12,acc,0.00601196,-0.00689697,-0.996414
1.6971E+12,acc,0.00444031,-0.00622559,-0.992996
1.6971E+12,acc,0.00549316,-0.00634766,-0.995972
1.6971E+12,acc,0.00531006,-0.00714111,-0.994781
1.6971E+12,acc,0.00379944,-0.00787354,-0.994583
1.6971E+12,acc,0.00469971,-0.00769043,-0.993546
1.6971E+12,acc,0.00544739,-0.00686646,-0.99501
1.6971E+12,acc,0.00325012,-0.006073,-0.994232
1.6971E+12,acc,0.0035553,-0.00637817,-0.993912
1.6971E+12,acc,0.00544739,-0.00674438,-0.995895
1.6971E+12,acc,0.00556946,-0.00683594,-0.995224
1.6971E+12,acc,0.00410461,-0.00592041,-0.995728
1.6971E+12,acc,0.00318909,-0.00793457,-0.995392
1.6971E+12,acc,0.00382996,-0.00790405,-0.995193
1.6971E+12,acc,0.00617981,-0.00758362,-0.994293
1.6971E+12,acc,0.00421143,-0.00550842,-0.99501
1.6971E+12,acc,0.00518799,-0.00758362,-0.993347
1.6971E+12,acc,0.0045166,-0.00750732,-0.994385
1.6971E+12,acc,0.00439453,-0.00788879,-0.99408
1.6971E+12,acc,0.00411987,-0.00767517,-0.994797
1.6971E+12,acc,0.00378418,-0.00767517,-0.99588
1.6971E+12,acc,0.00413513,-0.00654602,-0.993973
1.6971E+12,acc,0.00453186,-0.00740051,-0.994354
1.6971E+12,acc,0.00602722,-0.00662231,-0.993698
1.6971E+12,acc,0.00605774,-0.00683594,-0.99379
1.6971E+12,acc,0.00296021,-0.00764465,-0.994431
1.6971E+12,acc,0.00302124,-0.00718689,-0.99469
1.6971E+12,acc,0.00404358,-0.00718689,-0.995865
1.6971E+12,acc,0.0032196,-0.00720215,-0.995255
1.6971E+12,acc,0.00358582,-0.00769043,-0.994171
1.6971E+12,acc,0.00405884,-0.00636292,-0.994888
1.6971E+12,acc,0.00448608,-0.00772095,-0.995422
1.6971E+12,acc,0.00531006,-0.00567627,-0.99585
1.6971E+12,acc,0.00517273,-0.00602722,-0.995575
1.6971E+12,acc,0.00534058,-0.00610352,-0.994614
1.6971E+12,acc,0.0043335,-0.00834656,-0.99382
1.6971E+12,acc,0.00378418,-0.00691223,-0.991501
1.6971E+12,acc,0.0114136,-0.0334625,-0.915131
1.6971E+12,acc,-0.0771637,0.0122528,-1.07797
1.6971E+12,acc,0.0582428,-0.00546265,-0.999405
1.6971E+12,acc,-0.000869751,-0.0102997,-0.999741
1.6971E+12,acc,0.00390625,-0.00839233,-0.994705
1.6971E+12,acc,0.00439453,-0.0063324,-0.995026
1.6971E+12,acc,0.00444031,-0.0072937,-0.994614
1.6971E+12,acc,0.00468445,-0.00697327,-0.996429
1.6971E+12,acc,0.00378418,-0.00746155,-0.99559
1.6971E+12,acc,0.00392151,-0.00747681,-0.993683
1.6971E+12,acc,0.00253296,-0.00694275,-0.99559
1.6971E+12,acc,0.00489807,-0.00672913,-0.99588
1.6971E+12,acc,0.004776,-0.00839233,-0.995132
1.6971E+12,acc,0.00408936,-0.00695801,-0.994431
1.6971E+12,acc,0.00317383,-0.0059967,-0.993774
1.6971E+12,acc,0.00543213,-0.00761414,-0.993515
1.6971E+12,acc,0.00592041,-0.00598145,-0.994293
1.6971E+12,acc,0.00457764,-0.00697327,-0.99501
1.6971E+12,acc,0.00259399,-0.00666809,-0.995331
1.6971E+12,acc,0.00630188,-0.00782776,-0.995667
1.6971E+12,acc,0.00540161,-0.00794983,-0.995422
1.6971E+12,acc,0.00408936,-0.00848389,-0.994095
1.6971E+12,acc,0.00614929,-0.00695801,-0.993561
1.6971E+12,acc,0.00601196,-0.00700378,-0.994476
1.6971E+12,acc,0.00390625,-0.00546265,-0.996277
1.6971E+12,acc,0.00488281,-0.00672913,-0.994293
1.6971E+12,acc,0.00491333,-0.00744629,-0.994232
1.6971E+12,acc,0.00248718,-0.00735474,-0.995804
1.6971E+12,acc,0.00469971,-0.00662231,-0.996521
1.6971E+12,acc,0.00521851,-0.00656128,-0.994003
1.6971E+12,acc,0.00408936,-0.00691223,-0.994354
1.6971E+12,acc,0.00326538,-0.00688171,-0.994583
1.6971E+12,acc,0.00534058,-0.00654602,-0.995041
1.6971E+12,acc,0.00431824,-0.00450134,-0.978241
1.6971E+12,acc,0.00975037,-0.0161285,-1.00783
1.6971E+12,acc,0.00440979,-6.10E-05,-0.994003
1.6971E+12,acc,0.00447083,-0.00486755,-0.99791
1.6971E+12,acc,0.00587463,-0.00791931,-0.990143
1.6971E+12,acc,0.00498962,-0.00656128,-0.991333
1.6971E+12,acc,0.00559998,-0.00631714,-0.997025
1.6971E+12,acc,0.00543213,-0.00666809,-0.992966
